x,y,class,solver,efm
1,-8.661676257320394,Markov,Markov,1
2,-8.406683819162463,Markov,Markov,47
3,-7.653347592626279,Markov,Markov,52
4,-7.363399449017636,Markov,Markov,42
5,-7.108407010859705,Markov,Markov,3
6,-6.980183072417307,Markov,Markov,20
7,-6.579510104693526,Markov,Markov,43
8,-6.369626678789535,Markov,Markov,21
9,-6.355070784323521,Markov,Markov,54
10,-6.324517666535595,Markov,Markov,48
11,-6.114634240631604,Markov,Markov,28
12,-5.947301140550293,Markov,Markov,33
13,-5.813270756642753,Markov,Markov,8
14,-5.571181439999411,Markov,Markov,35
15,-5.543787272150848,Markov,Markov,13
16,-5.3612980140954205,Markov,Markov,50
17,-5.281233296390768,Markov,Markov,49
18,-5.0713498704867765,Markov,Markov,27
19,-5.026240858232836,Markov,Markov,32
20,-4.9586740007923416,Markov,Markov,40
21,-4.8980169197904395,Markov,Markov,18
22,-4.816357432328846,Markov,Markov,30
23,-4.747180869180399,Markov,Markov,22
24,-4.703681562634411,Markov,Markov,25
25,-4.688133493886448,Markov,Markov,23
26,-4.533973027134156,Markov,Markov,53
27,-4.278980588976224,Markov,Markov,45
28,-4.272904631696654,Markov,Markov,36
29,-4.157824744885533,Markov,Markov,41
30,-4.063021205792662,Markov,Markov,51
31,-4.045232958095474,Markov,Markov,26
32,-3.6552515620194335,Markov,Markov,5
33,-3.525644362440041,Markov,Markov,44
34,-3.4982501945914772,Markov,Markov,14
35,-3.3573596831717145,Markov,Markov,16
36,-3.2356962188313974,Markov,Markov,31
37,-2.980703780673466,Markov,Markov,38
38,-2.913136923232971,Markov,Markov,24
39,-2.8524798422310687,Markov,Markov,15
40,-2.701643791621028,Markov,Markov,34
41,-2.65814448507504,Markov,Markov,9
42,-2.2599867853188145,Markov,Markov,17
43,-2.227367554137283,Markov,Markov,46
44,-2.112287667326163,Markov,Markov,19
45,-1.999695880536103,Markov,Markov,11
46,-1.9188160200158795,Markov,Markov,7
47,-1.8647895114441497,Markov,Markov,37
48,-1.6030386377977577,Markov,Markov,10
49,-1.5477062361319387,Markov,Markov,39
50,-1.541515225086159,Markov,Markov,6
51,-1.304718123054124,Markov,Markov,55
52,-1.2769801634981583,Markov,Markov,2
53,-1.2127649077931826,Markov,Markov,4
54,-1.0431211903262685,Markov,Markov,12
55,-0.24314558944680367,Markov,Markov,29
1,-7.489677799139552,L2_norm,COSMO,1
2,-7.508214652049567,L2_norm,COSMO,47
3,-7.953701307233812,L2_norm,COSMO,52
4,-7.864386153988306,L2_norm,COSMO,42
5,-8.1201711600101,L2_norm,COSMO,3
6,-7.787348723006655,L2_norm,COSMO,20
7,-8.890053818792216,L2_norm,COSMO,43
8,-7.6572137765619575,L2_norm,COSMO,21
9,-7.753207500524879,L2_norm,COSMO,54
10,-Inf,L2_norm,COSMO,48
11,-7.684758348396256,L2_norm,COSMO,28
12,-5.487244729834462,L2_norm,COSMO,33
13,-Inf,L2_norm,COSMO,8
14,-Inf,L2_norm,COSMO,35
15,-Inf,L2_norm,COSMO,13
16,-8.128799093179456,L2_norm,COSMO,50
17,-Inf,L2_norm,COSMO,49
18,-8.23177768547269,L2_norm,COSMO,27
19,-Inf,L2_norm,COSMO,32
20,-Inf,L2_norm,COSMO,40
21,-Inf,L2_norm,COSMO,18
22,-8.344729562155846,L2_norm,COSMO,30
23,-Inf,L2_norm,COSMO,22
24,-Inf,L2_norm,COSMO,25
25,-8.007738051417418,L2_norm,COSMO,23
26,-7.978351894628635,L2_norm,COSMO,53
27,-7.960162902987964,L2_norm,COSMO,45
28,-Inf,L2_norm,COSMO,36
29,-Inf,L2_norm,COSMO,41
30,-3.864483719897739,L2_norm,COSMO,51
31,-3.527978484330119,L2_norm,COSMO,26
32,-3.6601193460528245,L2_norm,COSMO,5
33,-3.4110810239361604,L2_norm,COSMO,44
34,-3.4949151548346036,L2_norm,COSMO,14
35,-3.358069308896081,L2_norm,COSMO,16
36,-3.298765790271234,L2_norm,COSMO,31
37,-2.9053833191582137,L2_norm,COSMO,38
38,-2.869101735223565,L2_norm,COSMO,24
39,-2.843073708232065,L2_norm,COSMO,15
40,-2.6984042604612366,L2_norm,COSMO,34
41,-2.6793222967304557,L2_norm,COSMO,9
42,-2.260653147826018,L2_norm,COSMO,17
43,-2.2339458684256654,L2_norm,COSMO,46
44,-2.109058377951484,L2_norm,COSMO,19
45,-2.0094335836406794,L2_norm,COSMO,11
46,-1.919482215843866,L2_norm,COSMO,7
47,-1.816846079382714,L2_norm,COSMO,37
48,-1.6037017618820495,L2_norm,COSMO,10
49,-1.5483716414088984,L2_norm,COSMO,39
50,-1.5421792987634872,L2_norm,COSMO,6
51,-1.3053841512096072,L2_norm,COSMO,55
52,-1.2776468217727956,L2_norm,COSMO,2
53,-1.2134310713279637,L2_norm,COSMO,4
54,-1.0437873059871345,L2_norm,COSMO,12
55,-0.2438123009478043,L2_norm,COSMO,29
1,-Inf,L2_norm,OSQP,1
2,-Inf,L2_norm,OSQP,47
3,-Inf,L2_norm,OSQP,52
4,-Inf,L2_norm,OSQP,42
5,-Inf,L2_norm,OSQP,3
6,-Inf,L2_norm,OSQP,20
7,-Inf,L2_norm,OSQP,43
8,-Inf,L2_norm,OSQP,21
9,-2.950597136669629,L2_norm,OSQP,54
10,-Inf,L2_norm,OSQP,48
11,-Inf,L2_norm,OSQP,28
12,-3.6805277778176584,L2_norm,OSQP,33
13,-Inf,L2_norm,OSQP,8
14,-Inf,L2_norm,OSQP,35
15,-Inf,L2_norm,OSQP,13
16,-Inf,L2_norm,OSQP,50
17,-Inf,L2_norm,OSQP,49
18,-Inf,L2_norm,OSQP,27
19,-Inf,L2_norm,OSQP,32
20,-Inf,L2_norm,OSQP,40
21,-Inf,L2_norm,OSQP,18
22,-Inf,L2_norm,OSQP,30
23,-Inf,L2_norm,OSQP,22
24,-Inf,L2_norm,OSQP,25
25,-Inf,L2_norm,OSQP,23
26,-3.4050208301305798,L2_norm,OSQP,53
27,-3.11919948524858,L2_norm,OSQP,45
28,-Inf,L2_norm,OSQP,36
29,-2.7094610083433825,L2_norm,OSQP,41
30,-3.071675263007867,L2_norm,OSQP,51
31,-2.508597694606088,L2_norm,OSQP,26
32,-5.122837011424818,L2_norm,OSQP,5
33,-2.711677607350598,L2_norm,OSQP,44
34,-3.101265608541734,L2_norm,OSQP,14
35,-3.356539838709912,L2_norm,OSQP,16
36,-2.7608855321821824,L2_norm,OSQP,31
37,-2.6776345266791455,L2_norm,OSQP,38
38,-2.718654314005975,L2_norm,OSQP,24
39,-2.7069530058312656,L2_norm,OSQP,15
40,-2.6279060829405294,L2_norm,OSQP,34
41,-2.6424806043243456,L2_norm,OSQP,9
42,-2.2607980741648532,L2_norm,OSQP,17
43,-2.483721571364393,L2_norm,OSQP,46
44,-2.2347553338503046,L2_norm,OSQP,19
45,-2.1566216697302973,L2_norm,OSQP,11
46,-1.9195737441457783,L2_norm,OSQP,7
47,-1.8169327333808591,L2_norm,OSQP,37
48,-1.6037878263675633,L2_norm,OSQP,10
49,-1.548443581228705,L2_norm,OSQP,39
50,-1.5422358775961513,L2_norm,OSQP,6
51,-1.3054644846818255,L2_norm,OSQP,55
52,-1.277690098470525,L2_norm,OSQP,2
53,-1.2135326789452616,L2_norm,OSQP,4
54,-1.0438674202679157,L2_norm,OSQP,12
55,-0.24389661934164625,L2_norm,OSQP,29
1,-Inf,qp_max_spa,COSMO,1
2,-Inf,qp_max_spa,COSMO,47
3,-10.098358782897765,qp_max_spa,COSMO,52
4,-Inf,qp_max_spa,COSMO,42
5,-10.718964383940532,qp_max_spa,COSMO,3
6,-Inf,qp_max_spa,COSMO,20
7,-Inf,qp_max_spa,COSMO,43
8,-Inf,qp_max_spa,COSMO,21
9,-5.471854455872447,qp_max_spa,COSMO,54
10,-Inf,qp_max_spa,COSMO,48
11,-Inf,qp_max_spa,COSMO,28
12,-9.498172192477229,qp_max_spa,COSMO,33
13,-10.26761890285837,qp_max_spa,COSMO,8
14,-Inf,qp_max_spa,COSMO,35
15,-Inf,qp_max_spa,COSMO,13
16,-Inf,qp_max_spa,COSMO,50
17,-Inf,qp_max_spa,COSMO,49
18,-Inf,qp_max_spa,COSMO,27
19,-Inf,qp_max_spa,COSMO,32
20,-Inf,qp_max_spa,COSMO,40
21,-Inf,qp_max_spa,COSMO,18
22,-Inf,qp_max_spa,COSMO,30
23,-Inf,qp_max_spa,COSMO,22
24,-Inf,qp_max_spa,COSMO,25
25,-Inf,qp_max_spa,COSMO,23
26,-Inf,qp_max_spa,COSMO,53
27,-Inf,qp_max_spa,COSMO,45
28,-3.528283183012331,qp_max_spa,COSMO,36
29,-Inf,qp_max_spa,COSMO,41
30,-3.874696414182567,qp_max_spa,COSMO,51
31,-Inf,qp_max_spa,COSMO,26
32,-3.6536875996358544,qp_max_spa,COSMO,5
33,-3.4109357328988965,qp_max_spa,COSMO,44
34,-3.4949759420758926,qp_max_spa,COSMO,14
35,-3.3580645414411947,qp_max_spa,COSMO,16
36,-3.339009177195917,qp_max_spa,COSMO,31
37,-2.890075750183776,qp_max_spa,COSMO,38
38,-2.8550152164610463,qp_max_spa,COSMO,24
39,-2.843070292408801,qp_max_spa,COSMO,15
40,-2.6984051706150822,qp_max_spa,COSMO,34
41,-2.688679265764824,qp_max_spa,COSMO,9
42,-2.260653335040256,qp_max_spa,COSMO,17
43,-2.256605588620809,qp_max_spa,COSMO,46
44,-2.109059667777466,qp_max_spa,COSMO,19
45,-1.9964687969932127,qp_max_spa,COSMO,11
46,-1.919482215882913,qp_max_spa,COSMO,7
47,-1.8168464608325177,qp_max_spa,COSMO,37
48,-1.603701412356733,qp_max_spa,COSMO,10
49,-1.5483714952503091,qp_max_spa,COSMO,39
50,-1.5421793628544282,qp_max_spa,COSMO,6
51,-1.30538406769741,qp_max_spa,COSMO,55
52,-1.27764673132399,qp_max_spa,COSMO,2
53,-1.2134310843822458,qp_max_spa,COSMO,4
54,-1.0437873343164397,qp_max_spa,COSMO,12
55,-0.24381229768380558,qp_max_spa,COSMO,29
1,-Inf,qp_max_spa,OSQP,1
2,-Inf,qp_max_spa,OSQP,47
3,-Inf,qp_max_spa,OSQP,52
4,-Inf,qp_max_spa,OSQP,42
5,-3.9161361191795727,qp_max_spa,OSQP,3
6,-Inf,qp_max_spa,OSQP,20
7,-Inf,qp_max_spa,OSQP,43
8,-Inf,qp_max_spa,OSQP,21
9,-3.1349186763169086,qp_max_spa,OSQP,54
10,-Inf,qp_max_spa,OSQP,48
11,-Inf,qp_max_spa,OSQP,28
12,-3.497271916206153,qp_max_spa,OSQP,33
13,-Inf,qp_max_spa,OSQP,8
14,-Inf,qp_max_spa,OSQP,35
15,-Inf,qp_max_spa,OSQP,13
16,-Inf,qp_max_spa,OSQP,50
17,-Inf,qp_max_spa,OSQP,49
18,-Inf,qp_max_spa,OSQP,27
19,-Inf,qp_max_spa,OSQP,32
20,-Inf,qp_max_spa,OSQP,40
21,-Inf,qp_max_spa,OSQP,18
22,-Inf,qp_max_spa,OSQP,30
23,-Inf,qp_max_spa,OSQP,22
24,-4.094474230200798,qp_max_spa,OSQP,25
25,-Inf,qp_max_spa,OSQP,23
26,-Inf,qp_max_spa,OSQP,53
27,-3.6037977070300617,qp_max_spa,OSQP,45
28,-3.1372868954995212,qp_max_spa,OSQP,36
29,-3.472671938204134,qp_max_spa,OSQP,41
30,-3.369719686697251,qp_max_spa,OSQP,51
31,-2.9531042962039664,qp_max_spa,OSQP,26
32,-Inf,qp_max_spa,OSQP,5
33,-2.811589965690252,qp_max_spa,OSQP,44
34,-3.3982524688477187,qp_max_spa,OSQP,14
35,-3.3580900088133947,qp_max_spa,OSQP,16
36,-2.868393093158653,qp_max_spa,OSQP,31
37,-2.802415204029854,qp_max_spa,OSQP,38
38,-2.784159244529025,qp_max_spa,OSQP,24
39,-2.7931089196824628,qp_max_spa,OSQP,15
40,-2.6372002773159737,qp_max_spa,OSQP,34
41,-2.7421184118318696,qp_max_spa,OSQP,9
42,-2.2607483375095874,qp_max_spa,OSQP,17
43,-2.497360721125723,qp_max_spa,OSQP,46
44,-2.1284242417120325,qp_max_spa,OSQP,19
45,-2.047523292044554,qp_max_spa,OSQP,11
46,-1.9195737076696555,qp_max_spa,OSQP,7
47,-1.8169375626331166,qp_max_spa,OSQP,37
48,-1.6037926868043608,qp_max_spa,OSQP,10
49,-1.5484613975823507,qp_max_spa,OSQP,39
50,-1.5422662055653629,qp_max_spa,OSQP,6
51,-1.3054746511177386,qp_max_spa,OSQP,55
52,-1.2777311997808272,qp_max_spa,OSQP,2
53,-1.2135246856785444,qp_max_spa,OSQP,4
54,-1.0438768156624296,qp_max_spa,OSQP,12
55,-0.243902756218266,qp_max_spa,OSQP,29
1,-Inf,lp_max_spa,GLPK,1
2,-Inf,lp_max_spa,GLPK,47
3,-3.9714559940106646,lp_max_spa,GLPK,52
4,-Inf,lp_max_spa,GLPK,42
5,-Inf,lp_max_spa,GLPK,3
6,-4.986340625446137,lp_max_spa,GLPK,20
7,-5.001368786667317,lp_max_spa,GLPK,43
8,-5.271462041847305,lp_max_spa,GLPK,21
9,-4.22428193699907,lp_max_spa,GLPK,54
10,-Inf,lp_max_spa,GLPK,48
11,-Inf,lp_max_spa,GLPK,28
12,-Inf,lp_max_spa,GLPK,33
13,-5.149340939216716,lp_max_spa,GLPK,8
14,-3.9065615122812023,lp_max_spa,GLPK,35
15,-5.621584918718928,lp_max_spa,GLPK,13
16,-3.9170977151700157,lp_max_spa,GLPK,50
17,-Inf,lp_max_spa,GLPK,49
18,-Inf,lp_max_spa,GLPK,27
19,-Inf,lp_max_spa,GLPK,32
20,-4.18388194067448,lp_max_spa,GLPK,40
21,-4.551721043544813,lp_max_spa,GLPK,18
22,-Inf,lp_max_spa,GLPK,30
23,-4.265141547025553,lp_max_spa,GLPK,22
24,-4.298519096863666,lp_max_spa,GLPK,25
25,-4.614902439860452,lp_max_spa,GLPK,23
26,-Inf,lp_max_spa,GLPK,53
27,-Inf,lp_max_spa,GLPK,45
28,-4.1209678925226525,lp_max_spa,GLPK,36
29,-Inf,lp_max_spa,GLPK,41
30,-4.107095494039055,lp_max_spa,GLPK,51
31,-Inf,lp_max_spa,GLPK,26
32,-3.630861396168856,lp_max_spa,GLPK,5
33,-3.9691895134284616,lp_max_spa,GLPK,44
34,-3.4988819683802825,lp_max_spa,GLPK,14
35,-3.3570766166705264,lp_max_spa,GLPK,16
36,-3.016816389209132,lp_max_spa,GLPK,31
37,-2.928233950051458,lp_max_spa,GLPK,38
38,-3.0122484894874844,lp_max_spa,GLPK,24
39,-2.862748248779027,lp_max_spa,GLPK,15
40,-2.7101148471672194,lp_max_spa,GLPK,34
41,-2.628004587784591,lp_max_spa,GLPK,9
42,-2.2608099245107205,lp_max_spa,GLPK,17
43,-2.245418584943594,lp_max_spa,GLPK,46
44,-2.1089891636901847,lp_max_spa,GLPK,19
45,-1.995784978136719,lp_max_spa,GLPK,11
46,-1.919592604684052,lp_max_spa,GLPK,7
47,-1.8169521839602891,lp_max_spa,GLPK,37
48,-1.6038054752723419,lp_max_spa,GLPK,10
49,-1.5484644437440396,lp_max_spa,GLPK,39
50,-1.5422598965046117,lp_max_spa,GLPK,6
51,-1.3054828311951523,lp_max_spa,GLPK,55
52,-1.2777142470631164,lp_max_spa,GLPK,2
53,-1.2135465852225293,lp_max_spa,GLPK,4
54,-1.0438843356422456,lp_max_spa,GLPK,12
55,-0.24391331995941948,lp_max_spa,GLPK,29
1,-Inf,lp_max_spa,Gurobi,1
2,-Inf,lp_max_spa,Gurobi,47
3,-Inf,lp_max_spa,Gurobi,52
4,-Inf,lp_max_spa,Gurobi,42
5,-Inf,lp_max_spa,Gurobi,3
6,-Inf,lp_max_spa,Gurobi,20
7,-Inf,lp_max_spa,Gurobi,43
8,-Inf,lp_max_spa,Gurobi,21
9,-Inf,lp_max_spa,Gurobi,54
10,-Inf,lp_max_spa,Gurobi,48
11,-3.863952706799113,lp_max_spa,Gurobi,28
12,-Inf,lp_max_spa,Gurobi,33
13,-5.474077401427086,lp_max_spa,Gurobi,8
14,-Inf,lp_max_spa,Gurobi,35
15,-Inf,lp_max_spa,Gurobi,13
16,-Inf,lp_max_spa,Gurobi,50
17,-Inf,lp_max_spa,Gurobi,49
18,-Inf,lp_max_spa,Gurobi,27
19,-Inf,lp_max_spa,Gurobi,32
20,-Inf,lp_max_spa,Gurobi,40
21,-Inf,lp_max_spa,Gurobi,18
22,-Inf,lp_max_spa,Gurobi,30
23,-3.5332043962297774,lp_max_spa,Gurobi,22
24,-Inf,lp_max_spa,Gurobi,25
25,-Inf,lp_max_spa,Gurobi,23
26,-Inf,lp_max_spa,Gurobi,53
27,-3.6002986691736294,lp_max_spa,Gurobi,45
28,-Inf,lp_max_spa,Gurobi,36
29,-Inf,lp_max_spa,Gurobi,41
30,-Inf,lp_max_spa,Gurobi,51
31,-Inf,lp_max_spa,Gurobi,26
32,-3.653704419717759,lp_max_spa,Gurobi,5
33,-Inf,lp_max_spa,Gurobi,44
34,-3.4950237410088674,lp_max_spa,Gurobi,14
35,-3.358051054550866,lp_max_spa,Gurobi,16
36,-Inf,lp_max_spa,Gurobi,31
37,-2.8671350817873065,lp_max_spa,Gurobi,38
38,-2.731792302007518,lp_max_spa,Gurobi,24
39,-2.842983931407448,lp_max_spa,Gurobi,15
40,-2.7671036127448168,lp_max_spa,Gurobi,34
41,-2.7985716800477594,lp_max_spa,Gurobi,9
42,-2.260653874802221,lp_max_spa,Gurobi,17
43,-2.1965492902854136,lp_max_spa,Gurobi,46
44,-2.1090607531845307,lp_max_spa,Gurobi,19
45,-1.9964693917672733,lp_max_spa,Gurobi,11
46,-1.9194822170818175,lp_max_spa,Gurobi,7
47,-1.8168460223286953,lp_max_spa,Gurobi,37
48,-1.6037027090119063,lp_max_spa,Gurobi,10
49,-1.5483719712757034,lp_max_spa,Gurobi,39
50,-1.5421792860244967,lp_max_spa,Gurobi,6
51,-1.305384334205393,lp_max_spa,Gurobi,55
52,-1.2776468426697951,lp_max_spa,Gurobi,2
53,-1.2134310215395294,lp_max_spa,Gurobi,4
54,-1.0437873040726153,lp_max_spa,Gurobi,12
55,-0.24381229807124813,lp_max_spa,Gurobi,29
1,-5.4740845955255475,lp_max_spa,SCIP,1
2,-Inf,lp_max_spa,SCIP,47
3,-Inf,lp_max_spa,SCIP,52
4,-Inf,lp_max_spa,SCIP,42
5,-8.209495094802636,lp_max_spa,SCIP,3
6,-Inf,lp_max_spa,SCIP,20
7,-Inf,lp_max_spa,SCIP,43
8,-3.874798158246758,lp_max_spa,SCIP,21
9,-Inf,lp_max_spa,SCIP,54
10,-Inf,lp_max_spa,SCIP,48
11,-Inf,lp_max_spa,SCIP,28
12,-Inf,lp_max_spa,SCIP,33
13,-Inf,lp_max_spa,SCIP,8
14,-Inf,lp_max_spa,SCIP,35
15,-Inf,lp_max_spa,SCIP,13
16,-Inf,lp_max_spa,SCIP,50
17,-Inf,lp_max_spa,SCIP,49
18,-Inf,lp_max_spa,SCIP,27
19,-Inf,lp_max_spa,SCIP,32
20,-Inf,lp_max_spa,SCIP,40
21,-3.528236901732341,lp_max_spa,SCIP,18
22,-Inf,lp_max_spa,SCIP,30
23,-Inf,lp_max_spa,SCIP,22
24,-Inf,lp_max_spa,SCIP,25
25,-Inf,lp_max_spa,SCIP,23
26,-3.599576722573964,lp_max_spa,SCIP,53
27,-Inf,lp_max_spa,SCIP,45
28,-Inf,lp_max_spa,SCIP,36
29,-Inf,lp_max_spa,SCIP,41
30,-Inf,lp_max_spa,SCIP,51
31,-Inf,lp_max_spa,SCIP,26
32,-3.653704419717759,lp_max_spa,SCIP,5
33,-Inf,lp_max_spa,SCIP,44
34,-3.4950237410088674,lp_max_spa,SCIP,14
35,-3.358051054550866,lp_max_spa,SCIP,16
36,-2.8672214704451253,lp_max_spa,SCIP,31
37,-Inf,lp_max_spa,SCIP,38
38,-3.964163442898888,lp_max_spa,SCIP,24
39,-2.943439964024695,lp_max_spa,SCIP,15
40,-2.698414720802391,lp_max_spa,SCIP,34
41,-2.476798607752111,lp_max_spa,SCIP,9
42,-2.260653874802221,lp_max_spa,SCIP,17
43,-2.1965421057150953,lp_max_spa,SCIP,46
44,-2.1090607316378542,lp_max_spa,SCIP,19
45,-1.9964693917672733,lp_max_spa,SCIP,11
46,-1.9194822170818175,lp_max_spa,SCIP,7
47,-1.8168460223286953,lp_max_spa,SCIP,37
48,-1.6037027090119063,lp_max_spa,SCIP,10
49,-1.5483719712757034,lp_max_spa,SCIP,39
50,-1.5421792860244967,lp_max_spa,SCIP,6
51,-1.305384334205393,lp_max_spa,SCIP,55
52,-1.2776468426697951,lp_max_spa,SCIP,2
53,-1.2134310215395294,lp_max_spa,SCIP,4
54,-1.0437873040726153,lp_max_spa,SCIP,12
55,-0.24381229807124813,lp_max_spa,SCIP,29
1,-Inf,lp_max_spa,CDDLib,1
2,-16.191009463016094,lp_max_spa,CDDLib,47
3,-Inf,lp_max_spa,CDDLib,52
4,-Inf,lp_max_spa,CDDLib,42
5,-Inf,lp_max_spa,CDDLib,3
6,-5.4740774014367775,lp_max_spa,CDDLib,20
7,-Inf,lp_max_spa,CDDLib,43
8,-17.99392352169586,lp_max_spa,CDDLib,21
9,-Inf,lp_max_spa,CDDLib,54
10,-Inf,lp_max_spa,CDDLib,48
11,-Inf,lp_max_spa,CDDLib,28
12,-Inf,lp_max_spa,CDDLib,33
13,-Inf,lp_max_spa,CDDLib,8
14,-Inf,lp_max_spa,CDDLib,35
15,-3.5282369017323285,lp_max_spa,CDDLib,13
16,-Inf,lp_max_spa,CDDLib,50
17,-18.866451605108125,lp_max_spa,CDDLib,49
18,-Inf,lp_max_spa,CDDLib,27
19,-Inf,lp_max_spa,CDDLib,32
20,-Inf,lp_max_spa,CDDLib,40
21,-Inf,lp_max_spa,CDDLib,18
22,-3.8747986555310248,lp_max_spa,CDDLib,30
23,-Inf,lp_max_spa,CDDLib,22
24,-Inf,lp_max_spa,CDDLib,25
25,-17.88589877889589,lp_max_spa,CDDLib,23
26,-18.113795593871277,lp_max_spa,CDDLib,53
27,-3.410784119462557,lp_max_spa,CDDLib,45
28,-Inf,lp_max_spa,CDDLib,36
29,-Inf,lp_max_spa,CDDLib,41
30,-Inf,lp_max_spa,CDDLib,51
31,-Inf,lp_max_spa,CDDLib,26
32,-3.6537044197177537,lp_max_spa,CDDLib,5
33,-Inf,lp_max_spa,CDDLib,44
34,-4.618703320181615,lp_max_spa,CDDLib,14
35,-3.358051007704047,lp_max_spa,CDDLib,16
36,-Inf,lp_max_spa,CDDLib,31
37,-2.911861834916015,lp_max_spa,CDDLib,38
38,-2.7317923020075168,lp_max_spa,CDDLib,24
39,-2.8441695368531446,lp_max_spa,CDDLib,15
40,-2.698420316419169,lp_max_spa,CDDLib,34
41,-2.7987024403908505,lp_max_spa,CDDLib,9
42,-2.260653874802221,lp_max_spa,CDDLib,17
43,-2.196585433049817,lp_max_spa,CDDLib,46
44,-2.1090607316378542,lp_max_spa,CDDLib,19
45,-1.9964688623136075,lp_max_spa,CDDLib,11
46,-1.9194822170818175,lp_max_spa,CDDLib,7
47,-1.8168460223286953,lp_max_spa,CDDLib,37
48,-1.6037027090119063,lp_max_spa,CDDLib,10
49,-1.5483638269219573,lp_max_spa,CDDLib,39
50,-1.542179287029483,lp_max_spa,CDDLib,6
51,-1.305379690806241,lp_max_spa,CDDLib,55
52,-1.2776468426697951,lp_max_spa,CDDLib,2
53,-1.2134310215395294,lp_max_spa,CDDLib,4
54,-1.0437873631125905,lp_max_spa,CDDLib,12
55,-0.2438122969364908,lp_max_spa,CDDLib,29
1,-5.602656575912189,lp_max_spa,ECOS,1
2,-5.69089363277665,lp_max_spa,ECOS,47
3,-5.726572878923837,lp_max_spa,ECOS,52
4,-5.496229323818976,lp_max_spa,ECOS,42
5,-5.553386907669002,lp_max_spa,ECOS,3
6,-5.6438510410890474,lp_max_spa,ECOS,20
7,-4.749493758362362,lp_max_spa,ECOS,43
8,-4.836610320884107,lp_max_spa,ECOS,21
9,-5.583197968189921,lp_max_spa,ECOS,54
10,-4.765691308986432,lp_max_spa,ECOS,48
11,-4.854038896059425,lp_max_spa,ECOS,28
12,-5.499875814409653,lp_max_spa,ECOS,33
13,-5.472387526221142,lp_max_spa,ECOS,8
14,-4.724730557353641,lp_max_spa,ECOS,35
15,-4.572906336867086,lp_max_spa,ECOS,13
16,-4.833834028690128,lp_max_spa,ECOS,50
17,-4.544186007943029,lp_max_spa,ECOS,49
18,-4.637087050492204,lp_max_spa,ECOS,27
19,-4.557252907538692,lp_max_spa,ECOS,32
20,-4.579628925910891,lp_max_spa,ECOS,40
21,-4.562395967812631,lp_max_spa,ECOS,18
22,-4.6515026765239185,lp_max_spa,ECOS,30
23,-4.5988479667067965,lp_max_spa,ECOS,22
24,-4.622080659504291,lp_max_spa,ECOS,25
25,-4.649898537123715,lp_max_spa,ECOS,23
26,-4.059303207625749,lp_max_spa,ECOS,53
27,-4.022121849608924,lp_max_spa,ECOS,45
28,-4.500538481980169,lp_max_spa,ECOS,36
29,-4.606345672038861,lp_max_spa,ECOS,41
30,-4.63118686733903,lp_max_spa,ECOS,51
31,-4.614520610621865,lp_max_spa,ECOS,26
32,-3.6548991271305864,lp_max_spa,ECOS,5
33,-3.937174440740885,lp_max_spa,ECOS,44
34,-3.5053128431238703,lp_max_spa,ECOS,14
35,-3.3443631859299514,lp_max_spa,ECOS,16
36,-3.237901583736081,lp_max_spa,ECOS,31
37,-3.082437399857527,lp_max_spa,ECOS,38
38,-2.9644241987429156,lp_max_spa,ECOS,24
39,-2.8565536762136126,lp_max_spa,ECOS,15
40,-2.7033437631712314,lp_max_spa,ECOS,34
41,-2.6353121732269433,lp_max_spa,ECOS,9
42,-2.2592250731209784,lp_max_spa,ECOS,17
43,-2.2106471205530744,lp_max_spa,ECOS,46
44,-2.1101748028630567,lp_max_spa,ECOS,19
45,-1.9977463395245552,lp_max_spa,ECOS,11
46,-1.9185775258191535,lp_max_spa,ECOS,7
47,-1.8163081269231733,lp_max_spa,ECOS,37
48,-1.6034376929206784,lp_max_spa,ECOS,10
49,-1.548028061915894,lp_max_spa,ECOS,39
50,-1.5418188318923973,lp_max_spa,ECOS,6
51,-1.305187810699807,lp_max_spa,ECOS,55
52,-1.2776935608262896,lp_max_spa,ECOS,2
53,-1.2133254754086544,lp_max_spa,ECOS,4
54,-1.043654036550592,lp_max_spa,ECOS,12
55,-0.243802425741957,lp_max_spa,ECOS,29
1,-Inf,lp_max_spa,OSQP,1
2,-Inf,lp_max_spa,OSQP,47
3,-Inf,lp_max_spa,OSQP,52
4,-Inf,lp_max_spa,OSQP,42
5,-5.4740845955255475,lp_max_spa,OSQP,3
6,-Inf,lp_max_spa,OSQP,20
7,-Inf,lp_max_spa,OSQP,43
8,-Inf,lp_max_spa,OSQP,21
9,-Inf,lp_max_spa,OSQP,54
10,-Inf,lp_max_spa,OSQP,48
11,-3.874798241055114,lp_max_spa,OSQP,28
12,-Inf,lp_max_spa,OSQP,33
13,-Inf,lp_max_spa,OSQP,8
14,-Inf,lp_max_spa,OSQP,35
15,-3.5282369017323405,lp_max_spa,OSQP,13
16,-Inf,lp_max_spa,OSQP,50
17,-Inf,lp_max_spa,OSQP,49
18,-Inf,lp_max_spa,OSQP,27
19,-Inf,lp_max_spa,OSQP,32
20,-Inf,lp_max_spa,OSQP,40
21,-Inf,lp_max_spa,OSQP,18
22,-Inf,lp_max_spa,OSQP,30
23,-Inf,lp_max_spa,OSQP,22
24,-Inf,lp_max_spa,OSQP,25
25,-Inf,lp_max_spa,OSQP,23
26,-Inf,lp_max_spa,OSQP,53
27,-Inf,lp_max_spa,OSQP,45
28,-Inf,lp_max_spa,OSQP,36
29,-Inf,lp_max_spa,OSQP,41
30,-Inf,lp_max_spa,OSQP,51
31,-Inf,lp_max_spa,OSQP,26
32,-3.653704419717759,lp_max_spa,OSQP,5
33,-3.593580334460308,lp_max_spa,OSQP,44
34,-4.627998596805636,lp_max_spa,OSQP,14
35,-3.3580510787419393,lp_max_spa,OSQP,16
36,-2.793319392385754,lp_max_spa,OSQP,31
37,-Inf,lp_max_spa,OSQP,38
38,-3.610820099387832,lp_max_spa,OSQP,24
39,-2.8431524271613524,lp_max_spa,OSQP,15
40,-2.698414995499178,lp_max_spa,OSQP,34
41,-2.494979514658908,lp_max_spa,OSQP,9
42,-2.260653874802221,lp_max_spa,OSQP,17
43,-2.21431586203249,lp_max_spa,OSQP,46
44,-2.109063715379615,lp_max_spa,OSQP,19
45,-1.9964688599182843,lp_max_spa,OSQP,11
46,-1.9194822170818175,lp_max_spa,OSQP,7
47,-1.8168474773405496,lp_max_spa,OSQP,37
48,-1.6037027090119063,lp_max_spa,OSQP,10
49,-1.5483719756435652,lp_max_spa,OSQP,39
50,-1.542179287029483,lp_max_spa,OSQP,6
51,-1.3053843477779419,lp_max_spa,OSQP,55
52,-1.2776468426697951,lp_max_spa,OSQP,2
53,-1.2134310211447756,lp_max_spa,OSQP,4
54,-1.0437873040726153,lp_max_spa,OSQP,12
55,-0.24381229807124813,lp_max_spa,OSQP,29
1,-Inf,lp_max_spa,ProxSDP,1
2,-Inf,lp_max_spa,ProxSDP,47
3,-Inf,lp_max_spa,ProxSDP,52
4,-Inf,lp_max_spa,ProxSDP,42
5,-Inf,lp_max_spa,ProxSDP,3
6,-Inf,lp_max_spa,ProxSDP,20
7,-Inf,lp_max_spa,ProxSDP,43
8,-4.522115842671181,lp_max_spa,ProxSDP,21
9,-Inf,lp_max_spa,ProxSDP,54
10,-Inf,lp_max_spa,ProxSDP,48
11,-4.57368131318846,lp_max_spa,ProxSDP,28
12,-4.072399337589557,lp_max_spa,ProxSDP,33
13,-Inf,lp_max_spa,ProxSDP,8
14,-Inf,lp_max_spa,ProxSDP,35
15,-3.8280360597679315,lp_max_spa,ProxSDP,13
16,-4.53482787134582,lp_max_spa,ProxSDP,50
17,-Inf,lp_max_spa,ProxSDP,49
18,-4.533749744398681,lp_max_spa,ProxSDP,27
19,-Inf,lp_max_spa,ProxSDP,32
20,-Inf,lp_max_spa,ProxSDP,40
21,-Inf,lp_max_spa,ProxSDP,18
22,-4.586804273644532,lp_max_spa,ProxSDP,30
23,-3.2475575734910462,lp_max_spa,ProxSDP,22
24,-Inf,lp_max_spa,ProxSDP,25
25,-4.620839792391245,lp_max_spa,ProxSDP,23
26,-3.9743804965072873,lp_max_spa,ProxSDP,53
27,-3.7955971832223088,lp_max_spa,ProxSDP,45
28,-Inf,lp_max_spa,ProxSDP,36
29,-Inf,lp_max_spa,ProxSDP,41
30,-4.546812147666185,lp_max_spa,ProxSDP,51
31,-Inf,lp_max_spa,ProxSDP,26
32,-3.934392802208652,lp_max_spa,ProxSDP,5
33,-3.91269983902836,lp_max_spa,ProxSDP,44
34,-3.8034150624175913,lp_max_spa,ProxSDP,14
35,-3.486958399015691,lp_max_spa,ProxSDP,16
36,-3.007958671872984,lp_max_spa,ProxSDP,31
37,-3.264348843363284,lp_max_spa,ProxSDP,38
38,-3.0937007845325883,lp_max_spa,ProxSDP,24
39,-2.833719878302573,lp_max_spa,ProxSDP,15
40,-2.8592376662890713,lp_max_spa,ProxSDP,34
41,-2.5663026269788243,lp_max_spa,ProxSDP,9
42,-2.25628551858386,lp_max_spa,ProxSDP,17
43,-2.2033742162306855,lp_max_spa,ProxSDP,46
44,-2.106347945493305,lp_max_spa,ProxSDP,19
45,-1.9943541044804514,lp_max_spa,ProxSDP,11
46,-1.9194822158830807,lp_max_spa,ProxSDP,7
47,-1.8168282107931162,lp_max_spa,ProxSDP,37
48,-1.6041423909881813,lp_max_spa,ProxSDP,10
49,-1.548443674164422,lp_max_spa,ProxSDP,39
50,-1.5427115005315772,lp_max_spa,ProxSDP,6
51,-1.3054253161301508,lp_max_spa,ProxSDP,55
52,-1.2775652989573998,lp_max_spa,ProxSDP,2
53,-1.2135091959442592,lp_max_spa,ProxSDP,4
54,-1.043837688285201,lp_max_spa,ProxSDP,12
55,-0.24381524099702798,lp_max_spa,ProxSDP,29
1,-20.517122169439272,lp_max_spa,Tulip,1
2,-20.510435049086684,lp_max_spa,Tulip,47
3,-20.493475733052076,lp_max_spa,Tulip,52
4,-20.393060646606216,lp_max_spa,Tulip,42
5,-20.151393066706703,lp_max_spa,Tulip,3
6,-19.91374639462673,lp_max_spa,Tulip,20
7,-19.91726946870654,lp_max_spa,Tulip,43
8,-19.992958955749536,lp_max_spa,Tulip,21
9,-20.559988391426213,lp_max_spa,Tulip,54
10,-20.00633068235307,lp_max_spa,Tulip,48
11,-20.06222684801627,lp_max_spa,Tulip,28
12,-20.28232804338459,lp_max_spa,Tulip,33
13,-20.63083887362385,lp_max_spa,Tulip,8
14,-19.98316884692657,lp_max_spa,Tulip,35
15,-19.917244207894722,lp_max_spa,Tulip,13
16,-20.044480400281167,lp_max_spa,Tulip,50
17,-19.757192237716826,lp_max_spa,Tulip,49
18,-19.8274012479936,lp_max_spa,Tulip,27
19,-19.842294431322163,lp_max_spa,Tulip,32
20,-19.87314920070261,lp_max_spa,Tulip,40
21,-19.861478891803618,lp_max_spa,Tulip,18
22,-19.84607368238474,lp_max_spa,Tulip,30
23,-19.680161664499877,lp_max_spa,Tulip,22
24,-20.022484042585376,lp_max_spa,Tulip,25
25,-19.83391592259426,lp_max_spa,Tulip,23
26,-19.27743514930928,lp_max_spa,Tulip,53
27,-19.303860480016144,lp_max_spa,Tulip,45
28,-19.712330522495755,lp_max_spa,Tulip,36
29,-19.56884333048852,lp_max_spa,Tulip,41
30,-19.76386301454337,lp_max_spa,Tulip,51
31,-19.552331612028716,lp_max_spa,Tulip,26
32,-18.917246755163,lp_max_spa,Tulip,5
33,-19.21362452047686,lp_max_spa,Tulip,44
34,-18.770502711761285,lp_max_spa,Tulip,14
35,-3.358051054550866,lp_max_spa,Tulip,16
36,-18.542604538515306,lp_max_spa,Tulip,31
37,-18.413998635744402,lp_max_spa,Tulip,38
38,-18.29209906131307,lp_max_spa,Tulip,24
39,-18.180064302352527,lp_max_spa,Tulip,15
40,-18.03778783865263,lp_max_spa,Tulip,34
41,-17.95795385131841,lp_max_spa,Tulip,9
42,-2.260653874802221,lp_max_spa,Tulip,17
43,-17.541106226048836,lp_max_spa,Tulip,46
44,-17.444959192499933,lp_max_spa,Tulip,19
45,-17.33139558616468,lp_max_spa,Tulip,11
46,-1.9194822170818175,lp_max_spa,Tulip,7
47,-1.8168460223286953,lp_max_spa,Tulip,37
48,-1.6037027090119063,lp_max_spa,Tulip,10
49,-1.5483719712757034,lp_max_spa,Tulip,39
50,-1.5421792860244967,lp_max_spa,Tulip,6
51,-1.305384334205393,lp_max_spa,Tulip,55
52,-1.2776468426697951,lp_max_spa,Tulip,2
53,-1.2134310215395294,lp_max_spa,Tulip,4
54,-1.0437873040726153,lp_max_spa,Tulip,12
55,-0.24381229807124813,lp_max_spa,Tulip,29
1,-Inf,lp_min_spa,GLPK,1
2,-Inf,lp_min_spa,GLPK,47
3,-3.978254774193264,lp_min_spa,GLPK,52
4,-Inf,lp_min_spa,GLPK,42
5,-Inf,lp_min_spa,GLPK,3
6,-4.9321922090856924,lp_min_spa,GLPK,20
7,-4.936272397727201,lp_min_spa,GLPK,43
8,-5.117402208528092,lp_min_spa,GLPK,21
9,-4.244951213963428,lp_min_spa,GLPK,54
10,-Inf,lp_min_spa,GLPK,48
11,-Inf,lp_min_spa,GLPK,28
12,-Inf,lp_min_spa,GLPK,33
13,-5.1248551835825475,lp_min_spa,GLPK,8
14,-3.9144981624563933,lp_min_spa,GLPK,35
15,-5.8442321028430975,lp_min_spa,GLPK,13
16,-3.9231347499906044,lp_min_spa,GLPK,50
17,-Inf,lp_min_spa,GLPK,49
18,-Inf,lp_min_spa,GLPK,27
19,-Inf,lp_min_spa,GLPK,32
20,-4.169181913004432,lp_min_spa,GLPK,40
21,-4.538904183636552,lp_min_spa,GLPK,18
22,-Inf,lp_min_spa,GLPK,30
23,-4.2560647206460755,lp_min_spa,GLPK,22
24,-4.293702760415498,lp_min_spa,GLPK,25
25,-4.592200954390137,lp_min_spa,GLPK,23
26,-Inf,lp_min_spa,GLPK,53
27,-Inf,lp_min_spa,GLPK,45
28,-4.14098232962613,lp_min_spa,GLPK,36
29,-Inf,lp_min_spa,GLPK,41
30,-4.124245717409091,lp_min_spa,GLPK,51
31,-Inf,lp_min_spa,GLPK,26
32,-3.6299660626810066,lp_min_spa,GLPK,5
33,-3.9803089005111594,lp_min_spa,GLPK,44
34,-3.4972877244115033,lp_min_spa,GLPK,14
35,-3.3569358037657735,lp_min_spa,GLPK,16
36,-3.0197709247809597,lp_min_spa,GLPK,31
37,-2.9289223218972174,lp_min_spa,GLPK,38
38,-3.014850191540741,lp_min_spa,GLPK,24
39,-2.8638344149536863,lp_min_spa,GLPK,15
40,-2.710368623612707,lp_min_spa,GLPK,34
41,-2.6274389014918786,lp_min_spa,GLPK,9
42,-2.2607964568362147,lp_min_spa,GLPK,17
43,-2.2440777706121158,lp_min_spa,GLPK,46
44,-2.10908400745117,lp_min_spa,GLPK,19
45,-1.9957504587005488,lp_min_spa,GLPK,11
46,-1.919584300660111,lp_min_spa,GLPK,7
47,-1.8169472227061778,lp_min_spa,GLPK,37
48,-1.6038030401539645,lp_min_spa,GLPK,10
49,-1.5484614197222408,lp_min_spa,GLPK,39
50,-1.542256727248139,lp_min_spa,GLPK,6
51,-1.3054811029555495,lp_min_spa,GLPK,55
52,-1.277714712011086,lp_min_spa,GLPK,2
53,-1.2135456685944683,lp_min_spa,GLPK,4
54,-1.0438831269142088,lp_min_spa,GLPK,12
55,-0.24391323206964274,lp_min_spa,GLPK,29
1,-5.474077401427086,lp_min_spa,Gurobi,1
2,-Inf,lp_min_spa,Gurobi,47
3,-Inf,lp_min_spa,Gurobi,52
4,-Inf,lp_min_spa,Gurobi,42
5,-Inf,lp_min_spa,Gurobi,3
6,-Inf,lp_min_spa,Gurobi,20
7,-Inf,lp_min_spa,Gurobi,43
8,-3.874743260302996,lp_min_spa,Gurobi,21
9,-Inf,lp_min_spa,Gurobi,54
10,-3.6002986691736294,lp_min_spa,Gurobi,48
11,-Inf,lp_min_spa,Gurobi,28
12,-Inf,lp_min_spa,Gurobi,33
13,-Inf,lp_min_spa,Gurobi,8
14,-Inf,lp_min_spa,Gurobi,35
15,-Inf,lp_min_spa,Gurobi,13
16,-Inf,lp_min_spa,Gurobi,50
17,-Inf,lp_min_spa,Gurobi,49
18,-Inf,lp_min_spa,Gurobi,27
19,-Inf,lp_min_spa,Gurobi,32
20,-4.343976218847015,lp_min_spa,Gurobi,40
21,-Inf,lp_min_spa,Gurobi,18
22,-Inf,lp_min_spa,Gurobi,30
23,-Inf,lp_min_spa,Gurobi,22
24,-Inf,lp_min_spa,Gurobi,25
25,-Inf,lp_min_spa,Gurobi,23
26,-Inf,lp_min_spa,Gurobi,53
27,-Inf,lp_min_spa,Gurobi,45
28,-Inf,lp_min_spa,Gurobi,36
29,-Inf,lp_min_spa,Gurobi,41
30,-Inf,lp_min_spa,Gurobi,51
31,-Inf,lp_min_spa,Gurobi,26
32,-3.653704419717759,lp_min_spa,Gurobi,5
33,-Inf,lp_min_spa,Gurobi,44
34,-3.4950237410088674,lp_min_spa,Gurobi,14
35,-3.358051054550866,lp_min_spa,Gurobi,16
36,-Inf,lp_min_spa,Gurobi,31
37,-2.8671350817873065,lp_min_spa,Gurobi,38
38,-2.776675875015204,lp_min_spa,Gurobi,24
39,-2.842983931407448,lp_min_spa,Gurobi,15
40,-2.698414720802391,lp_min_spa,Gurobi,34
41,-2.762732309475559,lp_min_spa,Gurobi,9
42,-2.260653874802221,lp_min_spa,Gurobi,17
43,-2.1965492902854136,lp_min_spa,Gurobi,46
44,-2.1090607531845307,lp_min_spa,Gurobi,19
45,-1.9964693917672733,lp_min_spa,Gurobi,11
46,-1.9194822170818175,lp_min_spa,Gurobi,7
47,-1.8168460223286953,lp_min_spa,Gurobi,37
48,-1.6037027090119063,lp_min_spa,Gurobi,10
49,-1.5483719712757034,lp_min_spa,Gurobi,39
50,-1.5421792860244967,lp_min_spa,Gurobi,6
51,-1.305384334205393,lp_min_spa,Gurobi,55
52,-1.2776468426697951,lp_min_spa,Gurobi,2
53,-1.2134310215395294,lp_min_spa,Gurobi,4
54,-1.0437873040726153,lp_min_spa,Gurobi,12
55,-0.24381229807124813,lp_min_spa,Gurobi,29
1,-Inf,lp_min_spa,SCIP,1
2,-Inf,lp_min_spa,SCIP,47
3,-Inf,lp_min_spa,SCIP,52
4,-Inf,lp_min_spa,SCIP,42
5,-Inf,lp_min_spa,SCIP,3
6,-Inf,lp_min_spa,SCIP,20
7,-Inf,lp_min_spa,SCIP,43
8,-Inf,lp_min_spa,SCIP,21
9,-5.4740845955255475,lp_min_spa,SCIP,54
10,-Inf,lp_min_spa,SCIP,48
11,-Inf,lp_min_spa,SCIP,28
12,-Inf,lp_min_spa,SCIP,33
13,-8.209495094802636,lp_min_spa,SCIP,8
14,-Inf,lp_min_spa,SCIP,35
15,-3.5282368644491697,lp_min_spa,SCIP,13
16,-Inf,lp_min_spa,SCIP,50
17,-Inf,lp_min_spa,SCIP,49
18,-Inf,lp_min_spa,SCIP,27
19,-Inf,lp_min_spa,SCIP,32
20,-Inf,lp_min_spa,SCIP,40
21,-Inf,lp_min_spa,SCIP,18
22,-Inf,lp_min_spa,SCIP,30
23,-Inf,lp_min_spa,SCIP,22
24,-Inf,lp_min_spa,SCIP,25
25,-3.874798241055114,lp_min_spa,SCIP,23
26,-3.410939506971638,lp_min_spa,SCIP,53
27,-Inf,lp_min_spa,SCIP,45
28,-Inf,lp_min_spa,SCIP,36
29,-Inf,lp_min_spa,SCIP,41
30,-Inf,lp_min_spa,SCIP,51
31,-Inf,lp_min_spa,SCIP,26
32,-3.653704419717759,lp_min_spa,SCIP,5
33,-Inf,lp_min_spa,SCIP,44
34,-4.62799906591574,lp_min_spa,SCIP,14
35,-3.358051054550866,lp_min_spa,SCIP,16
36,-Inf,lp_min_spa,SCIP,31
37,-2.8671845047227436,lp_min_spa,SCIP,38
38,-2.8337676827645777,lp_min_spa,SCIP,24
39,-2.885388153825516,lp_min_spa,SCIP,15
40,-2.698414720802391,lp_min_spa,SCIP,34
41,-2.703756076229967,lp_min_spa,SCIP,9
42,-2.260653874802221,lp_min_spa,SCIP,17
43,-2.196778854173987,lp_min_spa,SCIP,46
44,-2.1090607316378542,lp_min_spa,SCIP,19
45,-1.9964693917672733,lp_min_spa,SCIP,11
46,-1.9194822170818175,lp_min_spa,SCIP,7
47,-1.8168460223286953,lp_min_spa,SCIP,37
48,-1.6037027090119063,lp_min_spa,SCIP,10
49,-1.5483719712757034,lp_min_spa,SCIP,39
50,-1.5421792860244967,lp_min_spa,SCIP,6
51,-1.305384334205393,lp_min_spa,SCIP,55
52,-1.2776468426697951,lp_min_spa,SCIP,2
53,-1.2134310215395294,lp_min_spa,SCIP,4
54,-1.0437873040726153,lp_min_spa,SCIP,12
55,-0.24381229807124813,lp_min_spa,SCIP,29
1,-Inf,lp_min_spa,CDDLib,1
2,-Inf,lp_min_spa,CDDLib,47
3,-Inf,lp_min_spa,CDDLib,52
4,-19.225579184899818,lp_min_spa,CDDLib,42
5,-Inf,lp_min_spa,CDDLib,3
6,-Inf,lp_min_spa,CDDLib,20
7,-17.885833060151025,lp_min_spa,CDDLib,43
8,-Inf,lp_min_spa,CDDLib,21
9,-5.550000882449587,lp_min_spa,CDDLib,54
10,-Inf,lp_min_spa,CDDLib,48
11,-Inf,lp_min_spa,CDDLib,28
12,-Inf,lp_min_spa,CDDLib,33
13,-Inf,lp_min_spa,CDDLib,8
14,-Inf,lp_min_spa,CDDLib,35
15,-Inf,lp_min_spa,CDDLib,13
16,-Inf,lp_min_spa,CDDLib,50
17,-Inf,lp_min_spa,CDDLib,49
18,-Inf,lp_min_spa,CDDLib,27
19,-Inf,lp_min_spa,CDDLib,32
20,-Inf,lp_min_spa,CDDLib,40
21,-Inf,lp_min_spa,CDDLib,18
22,-Inf,lp_min_spa,CDDLib,30
23,-Inf,lp_min_spa,CDDLib,22
24,-3.5290227312049156,lp_min_spa,CDDLib,25
25,-3.8730494060367753,lp_min_spa,CDDLib,23
26,-Inf,lp_min_spa,CDDLib,53
27,-Inf,lp_min_spa,CDDLib,45
28,-Inf,lp_min_spa,CDDLib,36
29,-Inf,lp_min_spa,CDDLib,41
30,-Inf,lp_min_spa,CDDLib,51
31,-21.9246455304082,lp_min_spa,CDDLib,26
32,-3.653706897963564,lp_min_spa,CDDLib,5
33,-3.41084439550451,lp_min_spa,CDDLib,44
34,-3.495023741008867,lp_min_spa,CDDLib,14
35,-3.358051054550866,lp_min_spa,CDDLib,16
36,-Inf,lp_min_spa,CDDLib,31
37,-2.757897961184459,lp_min_spa,CDDLib,38
38,-2.7317803399441254,lp_min_spa,CDDLib,24
39,-2.8857115977074472,lp_min_spa,CDDLib,15
40,-2.698414720802391,lp_min_spa,CDDLib,34
41,-2.8881332957682573,lp_min_spa,CDDLib,9
42,-2.260653874802221,lp_min_spa,CDDLib,17
43,-2.224116869307506,lp_min_spa,CDDLib,46
44,-2.109060731637854,lp_min_spa,CDDLib,19
45,-1.9964456698365671,lp_min_spa,CDDLib,11
46,-1.9194822170818175,lp_min_spa,CDDLib,7
47,-1.8168474773405425,lp_min_spa,CDDLib,37
48,-1.6037027090119063,lp_min_spa,CDDLib,10
49,-1.548371155158705,lp_min_spa,CDDLib,39
50,-1.5421792860244967,lp_min_spa,CDDLib,6
51,-1.3053838788748249,lp_min_spa,CDDLib,55
52,-1.2776468426697951,lp_min_spa,CDDLib,2
53,-1.2134310215395294,lp_min_spa,CDDLib,4
54,-1.0437899494103617,lp_min_spa,CDDLib,12
55,-0.24381229807124813,lp_min_spa,CDDLib,29
1,-Inf,lp_min_spa,ECOS,1
2,-Inf,lp_min_spa,ECOS,47
3,-Inf,lp_min_spa,ECOS,52
4,-Inf,lp_min_spa,ECOS,42
5,-Inf,lp_min_spa,ECOS,3
6,-Inf,lp_min_spa,ECOS,20
7,-4.812647485647371,lp_min_spa,ECOS,43
8,-4.829725117221872,lp_min_spa,ECOS,21
9,-Inf,lp_min_spa,ECOS,54
10,-4.827028051836284,lp_min_spa,ECOS,48
11,-4.842591117073174,lp_min_spa,ECOS,28
12,-Inf,lp_min_spa,ECOS,33
13,-Inf,lp_min_spa,ECOS,8
14,-4.785251846320969,lp_min_spa,ECOS,35
15,-4.720435720915234,lp_min_spa,ECOS,13
16,-4.824712754731783,lp_min_spa,ECOS,50
17,-4.602580493657216,lp_min_spa,ECOS,49
18,-4.635875172218081,lp_min_spa,ECOS,27
19,-4.614877456074017,lp_min_spa,ECOS,32
20,-4.640627789771871,lp_min_spa,ECOS,40
21,-4.619578275130153,lp_min_spa,ECOS,18
22,-4.647564327433432,lp_min_spa,ECOS,30
23,-4.659107288737808,lp_min_spa,ECOS,22
24,-4.683823631591467,lp_min_spa,ECOS,25
25,-4.642950921736653,lp_min_spa,ECOS,23
26,-4.066578823811886,lp_min_spa,ECOS,53
27,-4.02893920475301,lp_min_spa,ECOS,45
28,-4.557571902687188,lp_min_spa,ECOS,36
29,-4.669342842221727,lp_min_spa,ECOS,41
30,-4.628725802623663,lp_min_spa,ECOS,51
31,-4.67776591453862,lp_min_spa,ECOS,26
32,-3.657863092055668,lp_min_spa,ECOS,5
33,-3.944766179212526,lp_min_spa,ECOS,44
34,-3.5478391618212832,lp_min_spa,ECOS,14
35,-3.3709740071098846,lp_min_spa,ECOS,16
36,-3.23867031558702,lp_min_spa,ECOS,31
37,-3.0827059993110395,lp_min_spa,ECOS,38
38,-2.9657134351761214,lp_min_spa,ECOS,24
39,-2.8592252645568443,lp_min_spa,ECOS,15
40,-2.7035691885432303,lp_min_spa,ECOS,34
41,-2.635995942519175,lp_min_spa,ECOS,9
42,-2.261978742074777,lp_min_spa,ECOS,17
43,-2.210227728175123,lp_min_spa,ECOS,46
44,-2.1105077167957784,lp_min_spa,ECOS,19
45,-1.9971558265208667,lp_min_spa,ECOS,11
46,-1.9203185698946115,lp_min_spa,ECOS,7
47,-1.8173432295214034,lp_min_spa,ECOS,37
48,-1.6039470745131272,lp_min_spa,ECOS,10
49,-1.5486906631267034,lp_min_spa,ECOS,39
50,-1.5425072958958184,lp_min_spa,ECOS,6
51,-1.3055664713149038,lp_min_spa,ECOS,55
52,-1.2776062900077367,lp_min_spa,ECOS,2
53,-1.213527420188174,lp_min_spa,ECOS,4
54,-1.043910799479102,lp_min_spa,ECOS,12
55,-0.2438218614130324,lp_min_spa,ECOS,29
1,-Inf,lp_min_spa,OSQP,1
2,-Inf,lp_min_spa,OSQP,47
3,-Inf,lp_min_spa,OSQP,52
4,-Inf,lp_min_spa,OSQP,42
5,-5.4740845955255475,lp_min_spa,OSQP,3
6,-Inf,lp_min_spa,OSQP,20
7,-Inf,lp_min_spa,OSQP,43
8,-Inf,lp_min_spa,OSQP,21
9,-Inf,lp_min_spa,OSQP,54
10,-Inf,lp_min_spa,OSQP,48
11,-3.874798241055114,lp_min_spa,OSQP,28
12,-Inf,lp_min_spa,OSQP,33
13,-Inf,lp_min_spa,OSQP,8
14,-Inf,lp_min_spa,OSQP,35
15,-3.5282369017323405,lp_min_spa,OSQP,13
16,-Inf,lp_min_spa,OSQP,50
17,-Inf,lp_min_spa,OSQP,49
18,-Inf,lp_min_spa,OSQP,27
19,-Inf,lp_min_spa,OSQP,32
20,-Inf,lp_min_spa,OSQP,40
21,-Inf,lp_min_spa,OSQP,18
22,-Inf,lp_min_spa,OSQP,30
23,-Inf,lp_min_spa,OSQP,22
24,-Inf,lp_min_spa,OSQP,25
25,-Inf,lp_min_spa,OSQP,23
26,-Inf,lp_min_spa,OSQP,53
27,-Inf,lp_min_spa,OSQP,45
28,-Inf,lp_min_spa,OSQP,36
29,-Inf,lp_min_spa,OSQP,41
30,-Inf,lp_min_spa,OSQP,51
31,-Inf,lp_min_spa,OSQP,26
32,-3.653704419717759,lp_min_spa,OSQP,5
33,-3.593580334460308,lp_min_spa,OSQP,44
34,-4.627998596805636,lp_min_spa,OSQP,14
35,-3.3580510787419393,lp_min_spa,OSQP,16
36,-2.793319392385754,lp_min_spa,OSQP,31
37,-Inf,lp_min_spa,OSQP,38
38,-3.610820099387832,lp_min_spa,OSQP,24
39,-2.8431524271613524,lp_min_spa,OSQP,15
40,-2.698414995499178,lp_min_spa,OSQP,34
41,-2.494979514658908,lp_min_spa,OSQP,9
42,-2.260653874802221,lp_min_spa,OSQP,17
43,-2.21431586203249,lp_min_spa,OSQP,46
44,-2.109063715379615,lp_min_spa,OSQP,19
45,-1.9964688599182843,lp_min_spa,OSQP,11
46,-1.9194822170818175,lp_min_spa,OSQP,7
47,-1.8168474773405496,lp_min_spa,OSQP,37
48,-1.6037027090119063,lp_min_spa,OSQP,10
49,-1.5483719756435652,lp_min_spa,OSQP,39
50,-1.542179287029483,lp_min_spa,OSQP,6
51,-1.3053843477779419,lp_min_spa,OSQP,55
52,-1.2776468426697951,lp_min_spa,OSQP,2
53,-1.2134310211447756,lp_min_spa,OSQP,4
54,-1.0437873040726153,lp_min_spa,OSQP,12
55,-0.24381229807124813,lp_min_spa,OSQP,29
1,-5.911860634942318,lp_min_spa,ProxSDP,1
2,-Inf,lp_min_spa,ProxSDP,47
3,-6.912153257477979,lp_min_spa,ProxSDP,52
4,-6.320601373114761,lp_min_spa,ProxSDP,42
5,-Inf,lp_min_spa,ProxSDP,3
6,-Inf,lp_min_spa,ProxSDP,20
7,-Inf,lp_min_spa,ProxSDP,43
8,-4.472348754254032,lp_min_spa,ProxSDP,21
9,-Inf,lp_min_spa,ProxSDP,54
10,-Inf,lp_min_spa,ProxSDP,48
11,-4.520794089669744,lp_min_spa,ProxSDP,28
12,-4.145289653646104,lp_min_spa,ProxSDP,33
13,-Inf,lp_min_spa,ProxSDP,8
14,-Inf,lp_min_spa,ProxSDP,35
15,-3.802837595142974,lp_min_spa,ProxSDP,13
16,-4.486794849115654,lp_min_spa,ProxSDP,50
17,-Inf,lp_min_spa,ProxSDP,49
18,-4.482083758670516,lp_min_spa,ProxSDP,27
19,-Inf,lp_min_spa,ProxSDP,32
20,-Inf,lp_min_spa,ProxSDP,40
21,-Inf,lp_min_spa,ProxSDP,18
22,-4.531692442403941,lp_min_spa,ProxSDP,30
23,-3.328435253868081,lp_min_spa,ProxSDP,22
24,-Inf,lp_min_spa,ProxSDP,25
25,-4.564482304347983,lp_min_spa,ProxSDP,23
26,-3.9281136276556987,lp_min_spa,ProxSDP,53
27,-3.9364927614451033,lp_min_spa,ProxSDP,45
28,-Inf,lp_min_spa,ProxSDP,36
29,-Inf,lp_min_spa,ProxSDP,41
30,-4.496862964592647,lp_min_spa,ProxSDP,51
31,-Inf,lp_min_spa,ProxSDP,26
32,-3.9827861288193827,lp_min_spa,ProxSDP,5
33,-3.875544918371595,lp_min_spa,ProxSDP,44
34,-3.821718455145149,lp_min_spa,ProxSDP,14
35,-3.4885651585142425,lp_min_spa,ProxSDP,16
36,-3.156456933261054,lp_min_spa,ProxSDP,31
37,-3.0798383308892148,lp_min_spa,ProxSDP,38
38,-2.9757799672885117,lp_min_spa,ProxSDP,24
39,-2.836208129762547,lp_min_spa,ProxSDP,15
40,-2.816959863983518,lp_min_spa,ProxSDP,34
41,-2.6113237728901284,lp_min_spa,ProxSDP,9
42,-2.2562954326239493,lp_min_spa,ProxSDP,17
43,-2.205141103306936,lp_min_spa,ProxSDP,46
44,-2.107025544120787,lp_min_spa,ProxSDP,19
45,-1.9947921370162223,lp_min_spa,ProxSDP,11
46,-1.919482215883137,lp_min_spa,ProxSDP,7
47,-1.8168451432972261,lp_min_spa,ProxSDP,37
48,-1.6040196330053933,lp_min_spa,ProxSDP,10
49,-1.548442222093757,lp_min_spa,ProxSDP,39
50,-1.542477659868732,lp_min_spa,ProxSDP,6
51,-1.3054244863373012,lp_min_spa,ProxSDP,55
52,-1.2776228335646984,lp_min_spa,ProxSDP,2
53,-1.2134756489588827,lp_min_spa,ProxSDP,4
54,-1.0438248562419794,lp_min_spa,ProxSDP,12
55,-0.24381282218608843,lp_min_spa,ProxSDP,29
1,-22.473295933384975,lp_min_spa,Tulip,1
2,-22.47766432874407,lp_min_spa,Tulip,47
3,-22.478353177518954,lp_min_spa,Tulip,52
4,-22.50841374264346,lp_min_spa,Tulip,42
5,-22.51621369227982,lp_min_spa,Tulip,3
6,-22.51089138731905,lp_min_spa,Tulip,20
7,-20.87784432781764,lp_min_spa,Tulip,43
8,-20.884803004632353,lp_min_spa,Tulip,21
9,-22.616652434539336,lp_min_spa,Tulip,54
10,-20.89271161743029,lp_min_spa,Tulip,48
11,-20.916455806352797,lp_min_spa,Tulip,28
12,-23.22687260402654,lp_min_spa,Tulip,33
13,-22.328707590476025,lp_min_spa,Tulip,8
14,-20.930653017392682,lp_min_spa,Tulip,35
15,-20.569353583621773,lp_min_spa,Tulip,13
16,-20.94180366921015,lp_min_spa,Tulip,50
17,-20.840492363321488,lp_min_spa,Tulip,49
18,-20.92722599459838,lp_min_spa,Tulip,27
19,-20.840478377094726,lp_min_spa,Tulip,32
20,-20.699401580754447,lp_min_spa,Tulip,40
21,-20.746519062442744,lp_min_spa,Tulip,18
22,-20.93694440786905,lp_min_spa,Tulip,30
23,-20.754651380288255,lp_min_spa,Tulip,22
24,-20.682563978741445,lp_min_spa,Tulip,25
25,-20.850235181606166,lp_min_spa,Tulip,23
26,-20.127647038186733,lp_min_spa,Tulip,53
27,-20.118149202054777,lp_min_spa,Tulip,45
28,-20.958535798166036,lp_min_spa,Tulip,36
29,-20.733784902123777,lp_min_spa,Tulip,41
30,-21.034518530179227,lp_min_spa,Tulip,51
31,-20.69060195601493,lp_min_spa,Tulip,26
32,-19.81969102482189,lp_min_spa,Tulip,5
33,-20.168278628530338,lp_min_spa,Tulip,44
34,-19.64606503184536,lp_min_spa,Tulip,14
35,-3.358051054550866,lp_min_spa,Tulip,16
36,-19.301592899023085,lp_min_spa,Tulip,31
37,-19.081064865369587,lp_min_spa,Tulip,38
38,-18.97049634824213,lp_min_spa,Tulip,24
39,-18.883459286691654,lp_min_spa,Tulip,15
40,-18.707609256628558,lp_min_spa,Tulip,34
41,-18.656637124316497,lp_min_spa,Tulip,9
42,-2.260653874802221,lp_min_spa,Tulip,17
43,-18.21563956017592,lp_min_spa,Tulip,46
44,-18.113270369348058,lp_min_spa,Tulip,19
45,-18.00146522006097,lp_min_spa,Tulip,11
46,-1.9194822170818175,lp_min_spa,Tulip,7
47,-1.8168460223286953,lp_min_spa,Tulip,37
48,-1.6037027090119063,lp_min_spa,Tulip,10
49,-1.5483719712757034,lp_min_spa,Tulip,39
50,-1.5421792860244967,lp_min_spa,Tulip,6
51,-1.305384334205393,lp_min_spa,Tulip,55
52,-1.2776468426697951,lp_min_spa,Tulip,2
53,-1.2134310215395294,lp_min_spa,Tulip,4
54,-1.0437873040726153,lp_min_spa,Tulip,12
55,-0.24381229807124813,lp_min_spa,Tulip,29
1,-5.4740845955255475,milp,Gurobi,1
2,-Inf,milp,Gurobi,47
3,-Inf,milp,Gurobi,52
4,-Inf,milp,Gurobi,42
5,-Inf,milp,Gurobi,3
6,-Inf,milp,Gurobi,20
7,-3.5993367470904802,milp,Gurobi,43
8,-3.8747983205615597,milp,Gurobi,21
9,-Inf,milp,Gurobi,54
10,-Inf,milp,Gurobi,48
11,-Inf,milp,Gurobi,28
12,-Inf,milp,Gurobi,33
13,-Inf,milp,Gurobi,8
14,-Inf,milp,Gurobi,35
15,-Inf,milp,Gurobi,13
16,-Inf,milp,Gurobi,50
17,-4.34921645943919,milp,Gurobi,49
18,-Inf,milp,Gurobi,27
19,-Inf,milp,Gurobi,32
20,-Inf,milp,Gurobi,40
21,-Inf,milp,Gurobi,18
22,-Inf,milp,Gurobi,30
23,-Inf,milp,Gurobi,22
24,-Inf,milp,Gurobi,25
25,-Inf,milp,Gurobi,23
26,-Inf,milp,Gurobi,53
27,-Inf,milp,Gurobi,45
28,-Inf,milp,Gurobi,36
29,-Inf,milp,Gurobi,41
30,-Inf,milp,Gurobi,51
31,-Inf,milp,Gurobi,26
32,-3.653704549640557,milp,Gurobi,5
33,-Inf,milp,Gurobi,44
34,-3.4950237410088674,milp,Gurobi,14
35,-3.358051054550866,milp,Gurobi,16
36,-2.881688966258174,milp,Gurobi,31
37,-Inf,milp,Gurobi,38
38,-3.9657588212012023,milp,Gurobi,24
39,-2.8431524271613524,milp,Gurobi,15
40,-2.698414720802391,milp,Gurobi,34
41,-2.476792837574391,milp,Gurobi,9
42,-2.260653874802221,milp,Gurobi,17
43,-2.1965492902854136,milp,Gurobi,46
44,-2.1090607531845307,milp,Gurobi,19
45,-1.9964688599182843,milp,Gurobi,11
46,-1.9194822170818175,milp,Gurobi,7
47,-1.8168460223286953,milp,Gurobi,37
48,-1.6037027090119063,milp,Gurobi,10
49,-1.5483719712757034,milp,Gurobi,39
50,-1.5421792860244967,milp,Gurobi,6
51,-1.305384334205393,milp,Gurobi,55
52,-1.2776468426697951,milp,Gurobi,2
53,-1.2134310215395294,milp,Gurobi,4
54,-1.0437873040726153,milp,Gurobi,12
55,-0.24381229807124813,milp,Gurobi,29
